-- phpMyAdmin SQL Dump
-- version 3.5.2.2
-- http://www.phpmyadmin.net
--
-- Host: 127.0.0.1
-- Generation Time: Jul 31, 2013 at 12:43 AM
-- Server version: 5.5.27
-- PHP Version: 5.4.7

SET SQL_MODE="NO_AUTO_VALUE_ON_ZERO";
SET time_zone = "+00:00";


/*!40101 SET @OLD_CHARACTER_SET_CLIENT=@@CHARACTER_SET_CLIENT */;
/*!40101 SET @OLD_CHARACTER_SET_RESULTS=@@CHARACTER_SET_RESULTS */;
/*!40101 SET @OLD_COLLATION_CONNECTION=@@COLLATION_CONNECTION */;
/*!40101 SET NAMES utf8 */;

--
-- Database: `gametest`
--

--
-- Dumping data for table `answers`
--

INSERT INTO `answers` (`id`, `question_id`, `text`, `correct`) VALUES
(13, 3, 'Lake Superior', 0),
(14, 3, 'Caspian Sea', 1),
(15, 3, 'Black Sea', 0),
(16, 3, 'Lake Huron', 0),
(25, 6, 'Bering Strait', 1),
(26, 6, 'Baltic Sea', 0),
(27, 6, 'Bering Landbridge', 0),
(28, 6, 'Strait of Gibraltar', 0),
(29, 7, 'North America', 0),
(30, 7, 'Afro-Eurasia', 1),
(31, 7, 'America', 0),
(32, 7, 'Supercontinent', 0),
(37, 9, '123 miles', 0),
(38, 9, '22.5 miles', 0),
(39, 9, '150 miles', 0),
(40, 9, '21 miles', 1),
(41, 10, '150 miles', 1),
(42, 10, '21 miles', 0),
(43, 10, '75.3 miles', 0),
(44, 10, '60 miles', 0),
(45, 11, 'Rocky Mountains', 0),
(46, 11, 'Himalayas', 1),
(47, 11, 'Andes', 0),
(48, 11, 'Alps', 0),
(49, 12, 'Asia', 0),
(50, 12, 'South America', 0),
(51, 12, 'Antarctica', 1),
(52, 12, 'North America', 0),
(61, 15, 'South America', 1),
(62, 15, 'North America', 0),
(63, 15, 'Asia', 0),
(64, 15, 'Africa', 0),
(69, 17, 'Russia', 0),
(70, 17, 'United States', 1),
(71, 17, 'China', 0),
(72, 17, 'Cambodia', 0),
(73, 18, 'United States', 0),
(74, 18, 'Greenland', 0),
(75, 18, 'Finland', 0),
(76, 18, 'Canada', 1),
(77, 19, 'Germany', 1),
(78, 19, 'Denmark', 0),
(79, 19, 'Britain', 0),
(80, 19, 'Russia', 0),
(81, 20, 'Arizona', 0),
(82, 20, 'California', 1),
(83, 20, 'New Mexico', 0),
(84, 20, 'Texas', 0),
(89, 22, 'Amazon River', 0),
(90, 22, 'Genesee River', 0),
(91, 22, 'Rio Grande River', 0),
(92, 22, 'Mississippi River', 1),
(93, 23, 'Libya', 0),
(94, 23, 'Egypt', 1),
(95, 23, 'Syria', 0),
(96, 23, 'Turkey', 0),
(97, 24, 'Pacific', 0),
(98, 24, 'Indian', 0),
(99, 24, 'Arctic', 0),
(100, 24, 'Atlantic', 1),
(105, 26, 'Vladivostok', 0),
(106, 26, 'Istanbul', 0),
(107, 26, 'Moscow', 1),
(108, 26, 'St. Petersburg', 0),
(109, 27, 'Nigeria', 0),
(110, 27, 'Congo', 0),
(111, 27, 'Somalia', 0),
(112, 27, 'South Africa', 1),
(113, 28, 'Moscow', 0),
(114, 28, 'Petropavlovsk-Kamchatsky', 0),
(115, 28, 'Chelyabinsk', 1),
(116, 28, 'St. Petersburg', 0),
(117, 29, 'New Hampshire', 0),
(118, 29, 'New York', 1),
(119, 29, 'Mane', 0),
(120, 29, 'Massachusetts', 0),
(121, 30, 'Mojave', 1),
(122, 30, 'Sahara', 0),
(123, 30, 'Sonoran', 0),
(124, 30, 'Gobi', 0),
(125, 31, 'Kamchatka', 0),
(126, 31, 'Siberia', 1),
(127, 31, 'Beringia', 0),
(128, 31, 'Moscow', 0),
(129, 32, 'Finlandia', 0),
(130, 32, 'Norwegia', 0),
(131, 32, 'Europe', 0),
(132, 32, 'Scandinavia', 1),
(137, 34, 'Puerto Rico', 0),
(138, 34, 'Cuba', 0),
(139, 34, 'San Salvador', 1),
(140, 34, 'Maldives', 0),
(141, 35, 'Australia', 1),
(142, 35, 'Russia', 0),
(143, 35, 'China', 0),
(144, 35, 'United States', 0),
(145, 36, 'Texas', 0),
(146, 36, 'Iowa', 0),
(147, 36, 'New York', 0),
(148, 36, 'California', 1),
(149, 37, '1935', 0),
(150, 37, '1939', 1),
(151, 37, '1940', 0),
(152, 37, '1941', 0),
(153, 38, 'The founding fathers', 0),
(154, 38, 'The first 13 Capitals', 0),
(155, 38, 'The first 13 presidents', 0),
(156, 38, 'The 13 Original colonies', 1),
(157, 39, 'Abraham', 0),
(158, 39, 'Joshua', 0),
(159, 39, 'Moses', 1),
(160, 39, 'David', 0),
(161, 40, 'Ulysses S. Grant', 1),
(162, 40, 'Robert E. Lee', 0),
(163, 40, 'Abraham Lincoln', 0),
(164, 40, 'George Washington', 0),
(165, 41, 'Michelangelo', 1),
(166, 41, 'Pablo Picasso', 0),
(167, 41, 'Leonardo Da Vinci', 0),
(168, 41, 'Vincent Van Gogh', 0),
(169, 42, 'Italy', 0),
(170, 42, 'Spain', 0),
(171, 42, 'France', 1),
(172, 42, 'China', 0),
(173, 43, '1940', 0),
(174, 43, '1941', 1),
(175, 43, '1943', 0),
(176, 43, '1942', 0),
(177, 44, 'Marco Polo', 0),
(178, 44, 'William Shakespeare', 1),
(179, 44, 'Langston Hughs', 0),
(180, 44, 'Napoleon Bonaparte', 0),
(181, 45, '1400', 0),
(182, 45, '1498', 0),
(183, 45, '1495', 0),
(184, 45, '1492', 1),
(185, 46, 'Genghis Khan', 1),
(186, 46, 'Qin Shi Huang ', 0),
(187, 46, 'Cyrus the Great', 0),
(188, 46, ' Xerxes I ', 0),
(189, 47, 'John Calvin', 0),
(190, 47, 'George Fox', 0),
(191, 47, 'Martin Luther', 1),
(192, 47, 'John Wesley', 0),
(197, 49, 'Susan B. Anthony', 0),
(198, 49, 'Dr. Martin Luther King Jr.', 1),
(199, 49, 'Malcom X', 0),
(200, 49, 'Medger Evers', 0),
(201, 50, 'Michael Collins', 0),
(202, 50, 'Louis Armstrong', 0),
(203, 50, 'Neil Armstrong', 1),
(204, 50, 'John F. Kennedy', 0),
(205, 51, 'The Avengers', 0),
(206, 51, 'The Three Musketeers', 0),
(207, 51, 'The Ninja Turtles', 1),
(208, 51, 'The Three Blind Mice', 0),
(209, 52, '1980', 0),
(210, 52, '1995', 0),
(211, 52, '2001', 0),
(212, 52, '1991', 1),
(213, 53, 'Missiles', 0),
(214, 53, 'Planes', 1),
(215, 53, 'Bombs', 0),
(216, 53, 'Buses', 0),
(217, 54, '1929', 1),
(218, 54, '1925', 0),
(219, 54, '1930', 0),
(220, 54, '1927', 0),
(221, 55, 'Nile', 1),
(222, 55, 'Amazon', 0),
(223, 55, 'Yangtze', 0),
(224, 55, 'Mississippi', 0),
(229, 57, 'Tokyo, Hiroshima', 0),
(230, 57, 'Tokyo, Nagasaki', 0),
(231, 57, 'Okinawa, Hiroshima', 0),
(232, 57, 'Hiroshima, Nagasaki', 1),
(233, 58, 'Rosa Parks', 0),
(234, 58, 'Madame C. J. Walker', 0),
(235, 58, 'Harriet Tubman', 1),
(236, 58, 'Harriet Beecher Stowe', 0),
(237, 59, 'The Mason Dixon Line', 0),
(238, 59, 'The 38th Parallel', 1),
(239, 59, 'The Korean Line', 0),
(240, 59, 'The Prime Meridian', 0),
(241, 60, 'The Water Gate Scandal', 0),
(242, 60, 'Ho Chi Minh rising to power', 0),
(243, 60, ' Communist forces gained control of Saigon', 1),
(244, 60, 'The U.S. withdrawal in 1963', 0),
(245, 61, 'Egyptian', 0),
(246, 61, 'Macedonian', 0),
(247, 61, 'Chaldean', 0),
(248, 61, 'Persian', 1),
(249, 62, 'Queen Mary II', 0),
(250, 62, 'Queen Elizabeth I', 0),
(251, 62, 'Queen Mary I', 0),
(252, 62, 'Queen Helen', 1),
(253, 63, 'Gold', 0),
(254, 63, ' Eagle', 0),
(255, 63, 'Horse', 1),
(256, 63, 'Silk', 0),
(257, 64, 'Adolf Hitler', 0),
(258, 64, 'Saddam Hussein', 1),
(259, 64, 'Joseph Stalin', 0),
(260, 64, 'Benito Mussolini', 0),
(261, 65, 'Raphael', 0),
(262, 65, 'Leonardo Da Vinci', 1),
(263, 65, 'Michelangelo', 0),
(264, 65, 'Donatello', 0),
(265, 66, 'The Aztecs', 0),
(266, 66, 'The Hope Indians', 0),
(267, 66, 'The Choctaw', 0),
(268, 66, 'The Mayans', 1),
(269, 67, 'Joseph Stalin', 0),
(270, 67, 'Adolf Hitler', 1),
(271, 67, 'Muamar el-Gadhafi', 0),
(272, 67, 'Benito Mussolini', 0),
(281, 70, 'Mexico', 0),
(282, 70, 'Brazil', 0),
(283, 70, 'Greenland', 0),
(284, 70, 'Canada', 1),
(285, 71, 'Charles Darwin', 0),
(286, 71, 'Christopher Columbus', 1),
(287, 71, 'Wilbur Wright', 0),
(288, 71, 'John Cabot', 0),
(289, 72, 'Bush Senior', 0),
(290, 72, 'Clinton', 1),
(291, 72, 'Bush Junior', 0),
(292, 72, 'Carter', 0);

--
-- Dumping data for table `categories`
--

INSERT INTO `categories` (`id`, `category`, `display`) VALUES
(1, 'Geography', 1),
(2, 'History', 1);

--
-- Dumping data for table `questions`
--

INSERT INTO `questions` (`id`, `category_id`, `title`, `text`) VALUES
(3, 1, 'Inland Water', 'Which inland body of water is the largest on Earth?'),
(6, 1, 'Geography', 'What is the region between the west of Alaska and the East of Russia called?'),
(7, 1, 'Geography', 'What is the combined landmass of Africa, Europe, and Asia called?'),
(9, 1, 'Geography', 'How wide is the English Channel at its narrowest?'),
(10, 1, 'Geography', 'How wide is the English Channel at its widest?'),
(11, 1, 'Geography', 'What is the name of the Mountain Range in Northern India?'),
(12, 1, 'Geography', 'What continent is located on the South Pole of Earth?'),
(15, 1, 'Geography', 'Brazil is located on which continent?'),
(17, 1, 'Geography', 'Which country spans from "Sea to shining sea"?'),
(18, 1, 'Geography', 'What country has been nicknamed the "Great White North"'),
(19, 1, 'Geography', 'What Country has a capital city of Berlin?'),
(20, 1, 'Geography', 'In what U.S. State is the bay named after the city of San Francisco?'),
(22, 1, 'Geography', 'What North American River is named after a U.S. State?'),
(23, 1, 'Geography', 'In which modern country is the Nile River located?'),
(24, 1, 'Geography', 'Which major ocean has been referred to as "The Pond"?'),
(26, 1, 'Geography', 'What is the Capital of Russia?'),
(27, 1, 'Geography', 'Which African country has two smaller countries within its borders?'),
(28, 1, 'Geography', 'Over what Russian City did a meteor explode in early 2013?'),
(29, 1, 'Geography', 'In what U.S. State is the city colloquially known as the big apple located'),
(30, 1, 'Geography', 'What desert is located east of the U.S. city of Los Angeles'),
(31, 1, 'Geography', 'What is the name for the entire eastern part of Russia'),
(32, 1, 'Geography', 'What is the name of the region consisting of Norway, Sweden, and Finland?'),
(34, 1, 'Geography', 'What is the name of the island believed to have been sighted by Christoper Columbus in 1492?'),
(35, 1, 'Geography', 'Which country occupies an entire continent?'),
(36, 1, 'Geography', 'Which U.S. State has the largest population of all U.S. states?'),
(37, 2, 'WWII', 'Which year did WW2 begin?'),
(38, 2, 'U. S. Flag', 'What does the stripes represent on the U. S. Flag?'),
(39, 2, 'Israelites, Egypt', 'Who led the Israelites out of Egypt?'),
(40, 2, 'Union Army', 'Who was the most famous general of the Union Army?'),
(41, 2, 'Sistine Chapel', 'Who painted the Sistine Chapel?'),
(42, 2, 'Napoleon Bonaparte', 'Napoleon Bonaparte was emperor of which country?'),
(43, 2, 'Japan, Pearl Harbor', 'In what year did Japan bomb Pearl Harbor?'),
(44, 2, 'Macbeth', 'Who wrote Macbeth?'),
(45, 2, 'Christopher Columbus', 'In what year did Christopher Columbus set sail to the Americas?'),
(46, 2, 'Mongol Empire', 'Who founded the Mongol Empire?'),
(47, 2, '95 Thesis', 'Who nailed the 95 Theses to the church door in Wittenburg, Germany?'),
(49, 2, 'Civil Rights', 'What civil rights leader was assasinated April 4, 1968?'),
(50, 2, 'Moon', 'Who was the first man on the moon?'),
(51, 2, 'Famous Cartoon Characters', 'In 1983 these characters were named after famous painters and sculptors.'),
(52, 2, 'Soviet Union', 'In what year did the Soviet Union fall?'),
(53, 2, 'September 11, 2001', 'On September 11, 2001, terrorist launched attacks on U. S. soil using what as weapons?'),
(54, 2, 'Stock Market Crash, Great Depression', 'In what year did the stock market crash leading to The Great Depression?'),
(55, 2, 'Egyptians', 'The Egyptian culture emerged along which river?'),
(57, 2, 'Japan', 'On Aug. 9, 1945, America drop an attomic bomb on these two cities in Japan?'),
(58, 2, 'Underground Railroad', 'Nicknamed Moses, this person was the conductor of the "Undergound Railroad".'),
(59, 2, 'Korean War', 'This line was created during the Korean War, it divides Korea into North Korea and South Korea?'),
(60, 2, 'Vietnam', 'What event in The Vietnam War led to the unifying of Viet Cong and South Vietnam as the Socialist Republic of Vietnam? '),
(61, 2, 'Alexander III The Great', 'Which empire did Alexander III The Great Conquer? '),
(62, 2, 'Trojan War', 'The Trojan war began over what Queen?'),
(63, 2, 'Troy', 'What mysterious gift was left outside the city of Troy?'),
(64, 2, 'Operation Desert Storm', 'Which dictator invaded Kuwait in 1990 resulting in Operation Desert Storm?'),
(65, 2, 'The Last Supper', 'This painter is famous for his work, "The Last Supper".'),
(66, 2, 'Central America Civilization', 'What civilization came to a mysterious end in Central America and was thought to have predicted the end of the world?.'),
(67, 2, 'Nazi Germany', 'Who was the ruler of Nazi Germany?.'),
(70, 1, 'U.S. Border', 'What country borders the United States to the north?'),
(71, 2, 'Discovery of Americas', 'Who is credited with the discovery of the Americas in 1492?'),
(72, 2, '1996 US president', 'Who was president of the US in 1996?');

/*!40101 SET CHARACTER_SET_CLIENT=@OLD_CHARACTER_SET_CLIENT */;
/*!40101 SET CHARACTER_SET_RESULTS=@OLD_CHARACTER_SET_RESULTS */;
/*!40101 SET COLLATION_CONNECTION=@OLD_COLLATION_CONNECTION */;
